Fecha,Hito,Tipo,Premisa,URL
2013-08-31,Salida de C+,Pérdida de Empleo,Se paciente. Los puntos al final se conectan.,
2013-09-01,,Desempleo,,
2013-09-02,,Desempleo,,
2013-09-03,,Desempleo,,
2013-09-04,,Desempleo,,
2013-09-05,,Desempleo,,
2013-09-06,,Desempleo,,
2013-09-07,,Desempleo,,
2013-09-08,,Desempleo,,
2013-09-09,,Desempleo,,
2013-09-10,,Desempleo,,
2013-09-11,,Desempleo,,
2013-09-12,,Desempleo,,
2013-09-13,,Desempleo,,
2013-09-14,,Desempleo,,
2013-09-15,,Desempleo,,
2013-09-16,,Desempleo,,
2013-09-17,,Desempleo,,
2013-09-18,,Desempleo,,
2013-09-19,,Desempleo,,
2013-09-20,,Desempleo,,
2013-09-21,,Desempleo,,
2013-09-22,,Desempleo,,
2013-09-23,,Desempleo,,
2013-09-24,,Desempleo,,
2013-09-25,,Desempleo,,
2013-09-26,,Desempleo,,
2013-09-27,,Desempleo,,
2013-09-28,,Desempleo,,
2013-09-29,,Desempleo,,
2013-09-30,,Desempleo,,
2013-10-01,,Desempleo,,
2013-10-02,,Desempleo,,
2013-10-03,,Desempleo,,
2013-10-04,,Desempleo,,
2013-10-05,,Desempleo,,
2013-10-06,,Desempleo,,
2013-10-07,,Desempleo,,
2013-10-08,,Desempleo,,
2013-10-09,,Desempleo,,
2013-10-10,,Desempleo,,
2013-10-11,,Desempleo,,
2013-10-12,,Desempleo,,
2013-10-13,,Desempleo,,
2013-10-14,,Desempleo,,
2013-10-15,,Desempleo,,
2013-10-16,,Desempleo,,
2013-10-17,,Desempleo,,
2013-10-18,,Desempleo,,
2013-10-19,,Desempleo,,
2013-10-20,,Desempleo,,
2013-10-21,,Desempleo,,
2013-10-22,,Desempleo,,
2013-10-23,,Desempleo,,
2013-10-24,,Desempleo,,
2013-10-25,,Desempleo,,
2013-10-26,,Desempleo,,
2013-10-27,,Desempleo,,
2013-10-28,,Desempleo,,
2013-10-29,,Desempleo,,
2013-10-30,,Desempleo,,
2013-10-31,,Desempleo,,
2013-11-01,,Desempleo,,
2013-11-02,,Desempleo,,
2013-11-03,,Desempleo,,
2013-11-04,,Desempleo,,
2013-11-05,,Desempleo,,
2013-11-06,,Desempleo,,
2013-11-07,,Desempleo,,
2013-11-08,,Desempleo,,
2013-11-09,,Desempleo,,
2013-11-10,,Desempleo,,
2013-11-11,,Desempleo,,
2013-11-12,,Desempleo,,
2013-11-13,,Desempleo,,
2013-11-14,,Desempleo,,
2013-11-15,,Desempleo,,
2013-11-16,,Desempleo,,
2013-11-17,,Desempleo,,
2013-11-18,,Desempleo,,
2013-11-19,,Desempleo,,
2013-11-20,,Desempleo,,
2013-11-21,,Desempleo,,
2013-11-22,,Desempleo,,
2013-11-23,,Desempleo,,
2013-11-24,,Desempleo,,
2013-11-25,,Desempleo,,
2013-11-26,,Desempleo,,
2013-11-27,,Desempleo,,
2013-11-28,,Desempleo,,
2013-11-29,,Desempleo,,
2013-11-30,,Desempleo,,
2013-12-01,,Desempleo,,
2013-12-02,,Desempleo,,
2013-12-03,,Desempleo,,
2013-12-04,,Desempleo,,
2013-12-05,,Desempleo,,
2013-12-06,,Desempleo,,
2013-12-07,,Desempleo,,
2013-12-08,,Desempleo,,
2013-12-09,,Desempleo,,
2013-12-10,,Desempleo,,
2013-12-11,,Desempleo,,
2013-12-12,,Desempleo,,
2013-12-13,,Desempleo,,
2013-12-14,,Desempleo,,
2013-12-15,,Desempleo,,
2013-12-16,,Desempleo,,
2013-12-17,,Desempleo,,
2013-12-18,,Desempleo,,
2013-12-19,,Desempleo,,
2013-12-20,,Desempleo,,
2013-12-21,,Desempleo,,
2013-12-22,,Desempleo,,
2013-12-23,,Desempleo,,
2013-12-24,,Desempleo,,
2013-12-25,,Desempleo,,
2013-12-26,,Desempleo,,
2013-12-27,,Desempleo,,
2013-12-28,,Desempleo,,
2013-12-29,,Desempleo,,
2013-12-30,,Desempleo,,
2013-12-31,,Desempleo,,
2014-01-01,,Desempleo,,
2014-01-02,,Desempleo,,
2014-01-03,,Desempleo,,
2014-01-04,,Desempleo,,
2014-01-05,,Desempleo,,
2014-01-06,,Desempleo,,
2014-01-07,,Desempleo,,
2014-01-08,,Desempleo,,
2014-01-09,,Desempleo,,
2014-01-10,,Desempleo,,
2014-01-11,,Desempleo,,
2014-01-12,,Desempleo,,
2014-01-13,,Desempleo,,
2014-01-14,,Desempleo,,
2014-01-15,,Desempleo,,
2014-01-16,,Desempleo,,
2014-01-17,,Desempleo,,
2014-01-18,,Desempleo,,
2014-01-19,,Desempleo,,
2014-01-20,,Desempleo,,
2014-01-21,,Desempleo,,
2014-01-22,,Desempleo,,
2014-01-23,,Desempleo,,
2014-01-24,,Desempleo,,
2014-01-25,,Desempleo,,
2014-01-26,,Desempleo,,
2014-01-27,,Desempleo,,
2014-01-28,,Desempleo,,
2014-01-29,,Desempleo,,
2014-01-30,,Desempleo,,
2014-01-31,,Desempleo,,
2014-02-01,,Desempleo,,
2014-02-02,,Desempleo,,
2014-02-03,,Desempleo,,
2014-02-04,,Desempleo,,
2014-02-05,,Desempleo,,
2014-02-06,,Desempleo,,
2014-02-07,,Desempleo,,
2014-02-08,,Desempleo,,
2014-02-09,,Desempleo,,
2014-02-10,,Desempleo,,
2014-02-11,,Desempleo,,
2014-02-12,,Desempleo,,
2014-02-13,,Desempleo,,
2014-02-14,,Desempleo,,
2014-02-15,,Desempleo,,
2014-02-16,,Desempleo,,
2014-02-17,,Desempleo,,
2014-02-18,,Desempleo,,
2014-02-19,,Desempleo,,
2014-02-20,,Desempleo,,
2014-02-21,,Desempleo,,
2014-02-22,,Desempleo,,
2014-02-23,,Desempleo,,
2014-02-24,,Desempleo,,
2014-02-25,,Desempleo,,
2014-02-26,,Desempleo,,
2014-02-27,,Desempleo,,
2014-02-28,,Desempleo,,
2014-03-01,,Desempleo,,
2014-03-02,,Desempleo,,
2014-03-03,,Desempleo,,
2014-03-04,,Desempleo,,
2014-03-05,,Desempleo,,
2014-03-06,,Desempleo,,
2014-03-07,,Desempleo,,
2014-03-08,,Desempleo,,
2014-03-09,,Desempleo,,
2014-03-10,,Desempleo,,
2014-03-11,,Desempleo,,
2014-03-12,,Desempleo,,
2014-03-13,,Desempleo,,
2014-03-14,,Desempleo,,
2014-03-15,,Desempleo,,
2014-03-16,,Desempleo,,
2014-03-17,,Desempleo,,
2014-03-18,,Desempleo,,
2014-03-19,,Desempleo,,
2014-03-20,,Desempleo,,
2014-03-21,,Desempleo,,
2014-03-22,,Desempleo,,
2014-03-23,,Desempleo,,
2014-03-24,,Desempleo,,
2014-03-25,,Desempleo,,
2014-03-26,,Desempleo,,
2014-03-27,,Desempleo,,
2014-03-28,,Desempleo,,
2014-03-29,,Desempleo,,
2014-03-30,,Desempleo,,
2014-03-31,,Desempleo,,
2014-04-01,Ingreso a Credit Suisse,Día Clave,Se paciente. Los puntos al final se conectan.,
2014-04-02,,Normal,,
2014-04-03,,Normal,,
2014-04-04,,Normal,,
2014-04-05,,Normal,,
2014-04-06,,Normal,,
2014-04-07,,Normal,,
2014-04-08,,Normal,,
2014-04-09,,Normal,,
2014-04-10,,Normal,,
2014-04-11,,Normal,,
2014-04-12,,Normal,,
2014-04-13,,Normal,,
2014-04-14,,Normal,,
2014-04-15,,Normal,,
2014-04-16,,Normal,,
2014-04-17,,Normal,,
2014-04-18,,Normal,,
2014-04-19,,Normal,,
2014-04-20,,Normal,,
2014-04-21,,Normal,,
2014-04-22,,Normal,,
2014-04-23,,Normal,,
2014-04-24,,Normal,,
2014-04-25,,Normal,,
2014-04-26,,Normal,,
2014-04-27,,Normal,,
2014-04-28,,Normal,,
2014-04-29,,Normal,,
2014-04-30,,Normal,,
2014-05-01,,Normal,,
2014-05-02,,Normal,,
2014-05-03,,Normal,,
2014-05-04,,Normal,,
2014-05-05,,Normal,,
2014-05-06,,Normal,,
2014-05-07,,Normal,,
2014-05-08,,Normal,,
2014-05-09,,Normal,,
2014-05-10,,Normal,,
2014-05-11,,Normal,,
2014-05-12,,Normal,,
2014-05-13,,Normal,,
2014-05-14,,Normal,,
2014-05-15,,Normal,,
2014-05-16,,Normal,,
2014-05-17,,Normal,,
2014-05-18,,Normal,,
2014-05-19,,Normal,,
2014-05-20,,Normal,,
2014-05-21,,Normal,,
2014-05-22,,Normal,,
2014-05-23,,Normal,,
2014-05-24,,Normal,,
2014-05-25,,Normal,,
2014-05-26,,Normal,,
2014-05-27,,Normal,,
2014-05-28,,Normal,,
2014-05-29,,Normal,,
2014-05-30,,Normal,,
2014-05-31,,Normal,,
2014-06-01,,Normal,,
2014-06-02,,Normal,,
2014-06-03,,Normal,,
2014-06-04,,Normal,,
2014-06-05,,Normal,,
2014-06-06,,Normal,,
2014-06-07,,Normal,,
2014-06-08,,Normal,,
2014-06-09,,Normal,,
2014-06-10,,Normal,,
2014-06-11,,Normal,,
2014-06-12,,Normal,,
2014-06-13,,Normal,,
2014-06-14,,Normal,,
2014-06-15,,Normal,,
2014-06-16,,Normal,,
2014-06-17,,Normal,,
2014-06-18,,Normal,,
2014-06-19,,Normal,,
2014-06-20,,Normal,,
2014-06-21,,Normal,,
2014-06-22,,Normal,,
2014-06-23,,Normal,,
2014-06-24,,Normal,,
2014-06-25,,Normal,,
2014-06-26,,Normal,,
2014-06-27,,Normal,,
2014-06-28,,Normal,,
2014-06-29,,Normal,,
2014-06-30,,Normal,,
2014-07-01,,Normal,,
2014-07-02,,Normal,,
2014-07-03,,Normal,,
2014-07-04,,Normal,,
2014-07-05,,Normal,,
2014-07-06,,Normal,,
2014-07-07,,Normal,,
2014-07-08,,Normal,,
2014-07-09,,Normal,,
2014-07-10,,Normal,,
2014-07-11,,Normal,,
2014-07-12,,Normal,,
2014-07-13,,Normal,,
2014-07-14,,Normal,,
2014-07-15,,Normal,,
2014-07-16,,Normal,,
2014-07-17,,Normal,,
2014-07-18,,Normal,,
2014-07-19,,Normal,,
2014-07-20,,Normal,,
2014-07-21,,Normal,,
2014-07-22,,Normal,,
2014-07-23,,Normal,,
2014-07-24,,Normal,,
2014-07-25,,Normal,,
2014-07-26,,Normal,,
2014-07-27,,Normal,,
2014-07-28,,Normal,,
2014-07-29,,Normal,,
2014-07-30,,Normal,,
2014-07-31,,Normal,,
2014-08-01,,Normal,,
2014-08-02,,Normal,,
2014-08-03,,Normal,,
2014-08-04,,Normal,,
2014-08-05,,Normal,,
2014-08-06,,Normal,,
2014-08-07,,Normal,,
2014-08-08,,Normal,,
2014-08-09,,Normal,,
2014-08-10,,Normal,,
2014-08-11,,Normal,,
2014-08-12,,Normal,,
2014-08-13,,Normal,,
2014-08-14,,Normal,,
2014-08-15,,Normal,,
2014-08-16,,Normal,,
2014-08-17,,Normal,,
2014-08-18,,Normal,,
2014-08-19,,Normal,,
2014-08-20,,Normal,,
2014-08-21,,Normal,,
2014-08-22,,Normal,,
2014-08-23,,Normal,,
2014-08-24,,Normal,,
2014-08-25,,Normal,,
2014-08-26,,Normal,,
2014-08-27,,Normal,,
2014-08-28,,Normal,,
2014-08-29,,Normal,,
2014-08-30,,Normal,,
2014-08-31,,Normal,,
2014-09-01,,Normal,,
2014-09-02,,Normal,,
2014-09-03,,Normal,,
2014-09-04,,Normal,,
2014-09-05,,Normal,,
2014-09-06,,Normal,,
2014-09-07,,Normal,,
2014-09-08,,Normal,,
2014-09-09,,Normal,,
2014-09-10,,Normal,,
2014-09-11,,Normal,,
2014-09-12,,Normal,,
2014-09-13,,Normal,,
2014-09-14,,Normal,,
2014-09-15,,Normal,,
2014-09-16,,Normal,,
2014-09-17,,Normal,,
2014-09-18,,Normal,,
2014-09-19,,Normal,,
2014-09-20,,Normal,,
2014-09-21,,Normal,,
2014-09-22,,Normal,,
2014-09-23,,Normal,,
2014-09-24,,Normal,,
2014-09-25,,Normal,,
2014-09-26,,Normal,,
2014-09-27,,Normal,,
2014-09-28,,Normal,,
2014-09-29,,Normal,,
2014-09-30,,Normal,,
2014-10-01,,Normal,,
2014-10-02,,Normal,,
2014-10-03,,Normal,,
2014-10-04,,Normal,,
2014-10-05,,Normal,,
2014-10-06,,Normal,,
2014-10-07,,Normal,,
2014-10-08,,Normal,,
2014-10-09,,Normal,,
2014-10-10,,Normal,,
2014-10-11,,Normal,,
2014-10-12,,Normal,,
2014-10-13,,Normal,,
2014-10-14,,Normal,,
2014-10-15,,Normal,,
2014-10-16,,Normal,,
2014-10-17,,Normal,,
2014-10-18,,Normal,,
2014-10-19,,Normal,,
2014-10-20,,Normal,,
2014-10-21,,Normal,,
2014-10-22,,Normal,,
2014-10-23,,Normal,,
2014-10-24,,Normal,,
2014-10-25,,Normal,,
2014-10-26,,Normal,,
2014-10-27,,Normal,,
2014-10-28,,Normal,,
2014-10-29,,Normal,,
2014-10-30,,Normal,,
2014-10-31,,Normal,,
2014-11-01,,Normal,,
2014-11-02,,Normal,,
2014-11-03,,Normal,,
2014-11-04,,Normal,,
2014-11-05,,Normal,,
2014-11-06,,Normal,,
2014-11-07,,Normal,,
2014-11-08,,Normal,,
2014-11-09,,Normal,,
2014-11-10,,Normal,,
2014-11-11,,Normal,,
2014-11-12,,Normal,,
2014-11-13,,Normal,,
2014-11-14,,Normal,,
2014-11-15,,Normal,,
2014-11-16,,Normal,,
2014-11-17,,Normal,,
2014-11-18,,Normal,,
2014-11-19,,Normal,,
2014-11-20,,Normal,,
2014-11-21,,Normal,,
2014-11-22,,Normal,,
2014-11-23,,Normal,,
2014-11-24,,Normal,,
2014-11-25,,Normal,,
2014-11-26,,Normal,,
2014-11-27,,Normal,,
2014-11-28,,Normal,,
2014-11-29,,Normal,,
2014-11-30,,Normal,,
2014-12-01,,Normal,,
2014-12-02,,Normal,,
2014-12-03,,Normal,,
2014-12-04,,Normal,,
2014-12-05,,Normal,,
2014-12-06,,Normal,,
2014-12-07,,Normal,,
2014-12-08,,Normal,,
2014-12-09,,Normal,,
2014-12-10,,Normal,,
2014-12-11,,Normal,,
2014-12-12,,Normal,,
2014-12-13,,Normal,,
2014-12-14,,Normal,,
2014-12-15,Salida de Credit Suisse,Pérdida de Empleo,Se paciente. Los puntos al final se conectan.,
2014-12-16,,Desempleo,,
2014-12-17,,Desempleo,,
2014-12-18,,Desempleo,,
2014-12-19,,Desempleo,,
2014-12-20,,Desempleo,,
2014-12-21,,Desempleo,,
2014-12-22,,Desempleo,,
2014-12-23,,Desempleo,,
2014-12-24,,Desempleo,,
2014-12-25,,Desempleo,,
2014-12-26,,Desempleo,,
2014-12-27,,Desempleo,,
2014-12-28,,Desempleo,,
2014-12-29,,Desempleo,,
2014-12-30,,Desempleo,,
2014-12-31,,Desempleo,,
2015-01-01,,Desempleo,,
2015-01-02,,Desempleo,,
2015-01-03,,Desempleo,,
2015-01-04,,Desempleo,,
2015-01-05,,Desempleo,,
2015-01-06,,Desempleo,,
2015-01-07,,Desempleo,,
2015-01-08,,Desempleo,,
2015-01-09,,Desempleo,,
2015-01-10,,Desempleo,,
2015-01-11,,Desempleo,,
2015-01-12,,Desempleo,,
2015-01-13,,Desempleo,,
2015-01-14,,Desempleo,,
2015-01-15,,Desempleo,,
2015-01-16,,Desempleo,,
2015-01-17,,Desempleo,,
2015-01-18,,Desempleo,,
2015-01-19,Ingreso  a Globant,Día Clave,,
2015-01-20,,Normal,,
2015-01-21,,Normal,,
2015-01-22,,Normal,,
2015-01-23,,Normal,,
2015-01-24,,Normal,,
2015-01-25,,Normal,,
2015-01-26,,Normal,,
2015-01-27,,Normal,,
2015-01-28,,Normal,,
2015-01-29,,Normal,,
2015-01-30,,Normal,,
2015-01-31,,Normal,,
2015-02-01,,Normal,,
2015-02-02,,Normal,,
2015-02-03,,Normal,,
2015-02-04,,Normal,,
2015-02-05,,Normal,,
2015-02-06,,Normal,,
2015-02-07,,Normal,,
2015-02-08,,Normal,,
2015-02-09,,Normal,,
2015-02-10,,Normal,,
2015-02-11,,Normal,,
2015-02-12,,Normal,,
2015-02-13,,Normal,,
2015-02-14,,Normal,,
2015-02-15,,Normal,,
2015-02-16,,Normal,,
2015-02-17,,Normal,,
2015-02-18,,Normal,,
2015-02-19,,Normal,,
2015-02-20,,Normal,,
2015-02-21,,Normal,,
2015-02-22,,Normal,,
2015-02-23,,Normal,,
2015-02-24,,Normal,,
2015-02-25,,Normal,,
2015-02-26,,Normal,,
2015-02-27,,Normal,,
2015-02-28,,Normal,,
2015-03-01,,Normal,,
2015-03-02,,Normal,,
2015-03-03,,Normal,,
2015-03-04,,Normal,,
2015-03-05,,Normal,,
2015-03-06,,Normal,,
2015-03-07,,Normal,,
2015-03-08,,Normal,,
2015-03-09,,Normal,,
2015-03-10,,Normal,,
2015-03-11,,Normal,,
2015-03-12,,Normal,,
2015-03-13,,Normal,,
2015-03-14,,Normal,,
2015-03-15,,Normal,,
2015-03-16,,Normal,,
2015-03-17,,Normal,,
2015-03-18,,Normal,,
2015-03-19,,Normal,,
2015-03-20,,Normal,,
2015-03-21,,Normal,,
2015-03-22,,Normal,,
2015-03-23,,Normal,,
2015-03-24,,Normal,,
2015-03-25,,Normal,,
2015-03-26,,Normal,,
2015-03-27,,Normal,,
2015-03-28,,Normal,,
2015-03-29,,Normal,,
2015-03-30,,Normal,,
2015-03-31,,Normal,,
2015-04-01,,Normal,,
2015-04-02,,Normal,,
2015-04-03,,Normal,,
2015-04-04,,Normal,,
2015-04-05,,Normal,,
2015-04-06,,Normal,,
2015-04-07,,Normal,,
2015-04-08,,Normal,,
2015-04-09,,Normal,,
2015-04-10,,Normal,,
2015-04-11,,Normal,,
2015-04-12,,Normal,,
2015-04-13,,Normal,,
2015-04-14,,Normal,,
2015-04-15,,Normal,,
2015-04-16,,Normal,,
2015-04-17,,Normal,,
2015-04-18,,Normal,,
2015-04-19,,Normal,,
2015-04-20,,Normal,,
2015-04-21,,Normal,,
2015-04-22,,Normal,,
2015-04-23,,Normal,,
2015-04-24,,Normal,,
2015-04-25,,Normal,,
2015-04-26,,Normal,,
2015-04-27,,Normal,,
2015-04-28,,Normal,,
2015-04-29,,Normal,,
2015-04-30,,Normal,,
2015-05-01,,Normal,,
2015-05-02,,Normal,,
2015-05-03,,Normal,,
2015-05-04,,Normal,,
2015-05-05,,Normal,,
2015-05-06,,Normal,,
2015-05-07,,Normal,,
2015-05-08,,Normal,,
2015-05-09,,Normal,,
2015-05-10,,Normal,,
2015-05-11,,Normal,,
2015-05-12,,Normal,,
2015-05-13,,Normal,,
2015-05-14,,Normal,,
2015-05-15,,Normal,,
2015-05-16,,Normal,,
2015-05-17,,Normal,,
2015-05-18,,Normal,,
2015-05-19,,Normal,,
2015-05-20,,Normal,,
2015-05-21,,Normal,,
2015-05-22,,Normal,,
2015-05-23,,Normal,,
2015-05-24,,Normal,,
2015-05-25,,Normal,,
2015-05-26,,Normal,,
2015-05-27,,Normal,,
2015-05-28,,Normal,,
2015-05-29,,Normal,,
2015-05-30,,Normal,,
2015-05-31,,Normal,,
2015-06-01,,Normal,,
2015-06-02,,Normal,,
2015-06-03,,Normal,,
2015-06-04,,Normal,,
2015-06-05,,Normal,,
2015-06-06,,Normal,,
2015-06-07,,Normal,,
2015-06-08,,Normal,,
2015-06-09,,Normal,,
2015-06-10,,Normal,,
2015-06-11,,Normal,,
2015-06-12,,Normal,,
2015-06-13,,Normal,,
2015-06-14,,Normal,,
2015-06-15,,Normal,,
2015-06-16,,Normal,,
2015-06-17,,Normal,,
2015-06-18,,Normal,,
2015-06-19,,Normal,,
2015-06-20,,Normal,,
2015-06-21,,Normal,,
2015-06-22,,Normal,,
2015-06-23,,Normal,,
2015-06-24,,Normal,,
2015-06-25,,Normal,,
2015-06-26,,Normal,,
2015-06-27,,Normal,,
2015-06-28,,Normal,,
2015-06-29,,Normal,,
2015-06-30,,Normal,,
2015-07-01,,Normal,,
2015-07-02,,Normal,,
2015-07-03,,Normal,,
2015-07-04,,Normal,,
2015-07-05,,Normal,,
2015-07-06,,Normal,,
2015-07-07,,Normal,,
2015-07-08,,Normal,,
2015-07-09,,Normal,,
2015-07-10,,Normal,,
2015-07-11,,Normal,,
2015-07-12,,Normal,,
2015-07-13,,Normal,,
2015-07-14,,Normal,,
2015-07-15,,Normal,,
2015-07-16,,Normal,,
2015-07-17,,Normal,,
2015-07-18,,Normal,,
2015-07-19,,Normal,,
2015-07-20,,Normal,,
2015-07-21,,Normal,,
2015-07-22,,Normal,,
2015-07-23,,Normal,,
2015-07-24,,Normal,,
2015-07-25,,Normal,,
2015-07-26,,Normal,,
2015-07-27,,Normal,,
2015-07-28,,Normal,,
2015-07-29,,Normal,,
2015-07-30,,Normal,,
2015-07-31,,Normal,,
2015-08-01,,Normal,,
2015-08-02,,Normal,,
2015-08-03,,Normal,,
2015-08-04,,Normal,,
2015-08-05,,Normal,,
2015-08-06,,Normal,,
2015-08-07,,Normal,,
2015-08-08,,Normal,,
2015-08-09,,Normal,,
2015-08-10,,Normal,,
2015-08-11,,Normal,,
2015-08-12,,Normal,,
2015-08-13,,Normal,,
2015-08-14,,Normal,,
2015-08-15,,Normal,,
2015-08-16,,Normal,,
2015-08-17,,Normal,,
2015-08-18,,Normal,,
2015-08-19,,Normal,,
2015-08-20,,Normal,,
2015-08-21,,Normal,,
2015-08-22,,Normal,,
2015-08-23,,Normal,,
2015-08-24,,Normal,,
2015-08-25,,Normal,,
2015-08-26,,Normal,,
2015-08-27,,Normal,,
2015-08-28,,Normal,,
2015-08-29,,Normal,,
2015-08-30,,Normal,,
2015-08-31,Salida de Credit Suisse,Pérdida de Empleo,Se paciente. Los puntos al final se conectan.,
2015-09-01,,Desempleo,,
2015-09-02,,Desempleo,,
2015-09-03,,Desempleo,,
2015-09-04,,Desempleo,,
2015-09-05,,Desempleo,,
2015-09-06,,Desempleo,,
2015-09-07,,Desempleo,,
2015-09-08,,Desempleo,,
2015-09-09,,Desempleo,,
2015-09-10,,Desempleo,,
2015-09-11,,Desempleo,,
2015-09-12,,Desempleo,,
2015-09-13,,Desempleo,,
2015-09-14,,Desempleo,,
2015-09-15,,Desempleo,,
2015-09-16,,Desempleo,,
2015-09-17,,Desempleo,,
2015-09-18,,Desempleo,,
2015-09-19,,Desempleo,,
2015-09-20,,Desempleo,,
2015-09-21,,Desempleo,,
2015-09-22,,Desempleo,,
2015-09-23,,Desempleo,,
2015-09-24,,Desempleo,,
2015-09-25,,Desempleo,,
2015-09-26,,Desempleo,,
2015-09-27,,Desempleo,,
2015-09-28,,Desempleo,,
2015-09-29,,Desempleo,,
2015-09-30,,Desempleo,,
2015-10-01,,Desempleo,,
2015-10-02,,Desempleo,,
2015-10-03,,Desempleo,,
2015-10-04,,Desempleo,,
2015-10-05,,Desempleo,,
2015-10-06,,Desempleo,,
2015-10-07,,Desempleo,,
2015-10-08,,Desempleo,,
2015-10-09,,Desempleo,,
2015-10-10,,Desempleo,,
2015-10-11,,Desempleo,,
2015-10-12,,Desempleo,,
2015-10-13,,Desempleo,,
2015-10-14,,Desempleo,,
2015-10-15,,Desempleo,,
2015-10-16,,Desempleo,,
2015-10-17,,Desempleo,,
2015-10-18,,Desempleo,,
2015-10-19,,Desempleo,,
2015-10-20,,Desempleo,,
2015-10-21,,Desempleo,,
2015-10-22,,Desempleo,,
2015-10-23,,Desempleo,,
2015-10-24,,Desempleo,,
2015-10-25,,Desempleo,,
2015-10-26,,Desempleo,,
2015-10-27,,Desempleo,,
2015-10-28,,Desempleo,,
2015-10-29,,Desempleo,,
2015-10-30,,Desempleo,,
2015-10-31,,Desempleo,,
2015-11-01,,Desempleo,,
2015-11-02,,Desempleo,,
2015-11-03,,Desempleo,,
2015-11-04,,Desempleo,,
2015-11-05,,Desempleo,,
2015-11-06,,Desempleo,,
2015-11-07,,Desempleo,,
2015-11-08,,Desempleo,,
2015-11-09,,Desempleo,,
2015-11-10,,Desempleo,,
2015-11-11,,Desempleo,,
2015-11-12,,Desempleo,,
2015-11-13,,Desempleo,,
2015-11-14,,Desempleo,,
2015-11-15,,Desempleo,,
2015-11-16,,Desempleo,,
2015-11-17,,Desempleo,,
2015-11-18,,Desempleo,,
2015-11-19,,Desempleo,,
2015-11-20,,Desempleo,,
2015-11-21,,Desempleo,,
2015-11-22,,Desempleo,,
2015-11-23,,Desempleo,,
2015-11-24,,Desempleo,,
2015-11-25,,Desempleo,,
2015-11-26,,Desempleo,,
2015-11-27,,Desempleo,,
2015-11-28,,Desempleo,,
2015-11-29,,Desempleo,,
2015-11-30,,Desempleo,,
2015-12-01,,Desempleo,,
2015-12-02,,Desempleo,,
2015-12-03,,Desempleo,,
2015-12-04,,Desempleo,,
2015-12-05,,Desempleo,,
2015-12-06,,Desempleo,,
2015-12-07,,Desempleo,,
2015-12-08,,Desempleo,,
2015-12-09,,Desempleo,,
2015-12-10,,Desempleo,,
2015-12-11,,Desempleo,,
2015-12-12,,Desempleo,,
2015-12-13,,Desempleo,,
2015-12-14,,Desempleo,,
2015-12-15,,Desempleo,,
2015-12-16,,Desempleo,,
2015-12-17,,Desempleo,,
2015-12-18,,Desempleo,,
2015-12-19,,Desempleo,,
2015-12-20,,Desempleo,,
2015-12-21,,Desempleo,,
2015-12-22,,Desempleo,,
2015-12-23,,Desempleo,,
2015-12-24,,Desempleo,,
2015-12-25,,Desempleo,,
2015-12-26,,Desempleo,,
2015-12-27,,Desempleo,,
2015-12-28,,Desempleo,,
2015-12-29,,Desempleo,,
2015-12-30,,Desempleo,,
2015-12-31,,Desempleo,,
2016-01-01,,Desempleo,,
2016-01-02,,Desempleo,,
2016-01-03,,Desempleo,,
2016-01-04,,Desempleo,,
2016-01-05,,Desempleo,,
2016-01-06,,Desempleo,,
2016-01-07,,Desempleo,,
2016-01-08,Ingreso a OpenBank,Día Clave,,
2016-01-09,,Normal,,
2016-01-10,,Normal,,
2016-01-11,,Normal,,
2016-01-12,,Normal,,
2016-01-13,,Normal,,
2016-01-14,,Normal,,
2016-01-15,,Normal,,
2016-01-16,,Normal,,
2016-01-17,,Normal,,
2016-01-18,,Normal,,
2016-01-19,,Normal,,
2016-01-20,,Normal,,
2016-01-21,,Normal,,
2016-01-22,,Normal,,
2016-01-23,,Normal,,
2016-01-24,,Normal,,
2016-01-25,,Normal,,
2016-01-26,,Normal,,
2016-01-27,,Normal,,
2016-01-28,,Normal,,
2016-01-29,,Normal,,
2016-01-30,,Normal,,
2016-01-31,,Normal,,
2016-02-01,,Normal,,
2016-02-02,,Normal,,
2016-02-03,,Normal,,
2016-02-04,,Normal,,
2016-02-05,,Normal,,
2016-02-06,,Normal,,
2016-02-07,,Normal,,
2016-02-08,,Normal,,
2016-02-09,,Normal,,
2016-02-10,,Normal,,
2016-02-11,,Normal,,
2016-02-12,,Normal,,
2016-02-13,,Normal,,
2016-02-14,,Normal,,
2016-02-15,,Normal,,
2016-02-16,,Normal,,
2016-02-17,,Normal,,
2016-02-18,,Normal,,
2016-02-19,,Normal,,
2016-02-20,,Normal,,
2016-02-21,,Normal,,
2016-02-22,,Normal,,
2016-02-23,,Normal,,
2016-02-24,,Normal,,
2016-02-25,,Normal,,
2016-02-26,,Normal,,
2016-02-27,,Normal,,
2016-02-28,,Normal,,
2016-02-29,,Normal,,
2016-03-01,,Normal,,
2016-03-02,,Normal,,
2016-03-03,,Normal,,
2016-03-04,,Normal,,
2016-03-05,,Normal,,
2016-03-06,,Normal,,
2016-03-07,,Normal,,
2016-03-08,,Normal,,
2016-03-09,,Normal,,
2016-03-10,,Normal,,
2016-03-11,,Normal,,
2016-03-12,,Normal,,
2016-03-13,,Normal,,
2016-03-14,,Normal,,
2016-03-15,,Normal,,
2016-03-16,,Normal,,
2016-03-17,,Normal,,
2016-03-18,,Normal,,
2016-03-19,,Normal,,
2016-03-20,,Normal,,
2016-03-21,,Normal,,
2016-03-22,,Normal,,
2016-03-23,,Normal,,
2016-03-24,,Normal,,
2016-03-25,,Normal,,
2016-03-26,,Normal,,
2016-03-27,,Normal,,
2016-03-28,,Normal,,
2016-03-29,,Normal,,
2016-03-30,,Normal,,
2016-03-31,,Normal,,
2016-04-01,,Normal,,
2016-04-02,,Normal,,
2016-04-03,,Normal,,
2016-04-04,,Normal,,
2016-04-05,,Normal,,
2016-04-06,,Normal,,
2016-04-07,,Normal,,
2016-04-08,,Normal,,
2016-04-09,,Normal,,
2016-04-10,,Normal,,
2016-04-11,,Normal,,
2016-04-12,,Normal,,
2016-04-13,,Normal,,
2016-04-14,,Normal,,
2016-04-15,,Normal,,
2016-04-16,,Normal,,
2016-04-17,,Normal,,
2016-04-18,,Normal,,
2016-04-19,,Normal,,
2016-04-20,,Normal,,
2016-04-21,,Normal,,
2016-04-22,,Normal,,
2016-04-23,,Normal,,
2016-04-24,,Normal,,
2016-04-25,,Normal,,
2016-04-26,,Normal,,
2016-04-27,,Normal,,
2016-04-28,,Normal,,
2016-04-29,,Normal,,
2016-04-30,,Normal,,
2016-05-01,,Normal,,
2016-05-02,,Normal,,
2016-05-03,,Normal,,
2016-05-04,,Normal,,
2016-05-05,,Normal,,
2016-05-06,,Normal,,
2016-05-07,,Normal,,
2016-05-08,,Normal,,
2016-05-09,,Normal,,
2016-05-10,,Normal,,
2016-05-11,,Normal,,
2016-05-12,,Normal,,
2016-05-13,,Normal,,
2016-05-14,,Normal,,
2016-05-15,,Normal,,
2016-05-16,,Normal,,
2016-05-17,,Normal,,
2016-05-18,,Normal,,
2016-05-19,,Normal,,
2016-05-20,,Normal,,
2016-05-21,,Normal,,
2016-05-22,,Normal,,
2016-05-23,,Normal,,
2016-05-24,,Normal,,
2016-05-25,,Normal,,
2016-05-26,,Normal,,
2016-05-27,,Normal,,
2016-05-28,,Normal,,
2016-05-29,,Normal,,
2016-05-30,,Normal,,
2016-05-31,,Normal,,
2016-06-01,,Normal,,
2016-06-02,,Normal,,
2016-06-03,,Normal,,
2016-06-04,,Normal,,
2016-06-05,,Normal,,
2016-06-06,,Normal,,
2016-06-07,,Normal,,
2016-06-08,,Normal,,
2016-06-09,,Normal,,
2016-06-10,,Normal,,
2016-06-11,,Normal,,
2016-06-12,,Normal,,
2016-06-13,,Normal,,
2016-06-14,,Normal,,
2016-06-15,,Normal,,
2016-06-16,,Normal,,
2016-06-17,,Normal,,
2016-06-18,,Normal,,
2016-06-19,,Normal,,
2016-06-20,,Normal,,
2016-06-21,,Normal,,
2016-06-22,,Normal,,
2016-06-23,,Normal,,
2016-06-24,,Normal,,
2016-06-25,,Normal,,
2016-06-26,,Normal,,
2016-06-27,,Normal,,
2016-06-28,,Normal,,
2016-06-29,,Normal,,
2016-06-30,,Normal,,
2016-07-01,,Normal,,
2016-07-02,,Normal,,
2016-07-03,,Normal,,
2016-07-04,,Normal,,
2016-07-05,,Normal,,
2016-07-06,,Normal,,
2016-07-07,,Normal,,
2016-07-08,,Normal,,
2016-07-09,,Normal,,
2016-07-10,,Normal,,
2016-07-11,,Normal,,
2016-07-12,,Normal,,
2016-07-13,,Normal,,
2016-07-14,,Normal,,
2016-07-15,,Normal,,
2016-07-16,,Normal,,
2016-07-17,,Normal,,
2016-07-18,,Normal,,
2016-07-19,,Normal,,
2016-07-20,,Normal,,
2016-07-21,,Normal,,
2016-07-22,,Normal,,
2016-07-23,,Normal,,
2016-07-24,,Normal,,
2016-07-25,,Normal,,
2016-07-26,,Normal,,
2016-07-27,,Normal,,
2016-07-28,,Normal,,
2016-07-29,,Normal,,
2016-07-30,,Normal,,
2016-07-31,,Normal,,
2016-08-01,,Normal,,
2016-08-02,,Normal,,
2016-08-03,,Normal,,
2016-08-04,,Normal,,
2016-08-05,,Normal,,
2016-08-06,,Normal,,
2016-08-07,,Normal,,
2016-08-08,,Normal,,
2016-08-09,,Normal,,
2016-08-10,,Normal,,
2016-08-11,,Normal,,
2016-08-12,,Normal,,
2016-08-13,,Normal,,
2016-08-14,,Normal,,
2016-08-15,,Normal,,
2016-08-16,,Normal,,
2016-08-17,,Normal,,
2016-08-18,,Normal,,
2016-08-19,,Normal,,
2016-08-20,,Normal,,
2016-08-21,,Normal,,
2016-08-22,,Normal,,
2016-08-23,,Normal,,
2016-08-24,,Normal,,
2016-08-25,,Normal,,
2016-08-26,,Normal,,
2016-08-27,,Normal,,
2016-08-28,,Normal,,
2016-08-29,,Normal,,
2016-08-30,,Normal,,
2016-08-31,,Normal,,
2016-09-01,,Normal,,
2016-09-02,,Normal,,
2016-09-03,,Normal,,
2016-09-04,,Normal,,
2016-09-05,,Normal,,
2016-09-06,,Normal,,
2016-09-07,,Normal,,
2016-09-08,,Normal,,
2016-09-09,,Normal,,
2016-09-10,,Normal,,
2016-09-11,,Normal,,
2016-09-12,,Normal,,
2016-09-13,,Normal,,
2016-09-14,,Normal,,
2016-09-15,,Normal,,
2016-09-16,,Normal,,
2016-09-17,,Normal,,
2016-09-18,,Normal,,
2016-09-19,,Normal,,
2016-09-20,,Normal,,
2016-09-21,,Normal,,
2016-09-22,,Normal,,
2016-09-23,,Normal,,
2016-09-24,,Normal,,
2016-09-25,,Normal,,
2016-09-26,,Normal,,
2016-09-27,,Normal,,
2016-09-28,,Normal,,
2016-09-29,,Normal,,
2016-09-30,,Normal,,
2016-10-01,,Normal,,
2016-10-02,,Normal,,
2016-10-03,,Normal,,
2016-10-04,,Normal,,
2016-10-05,,Normal,,
2016-10-06,,Normal,,
2016-10-07,,Normal,,
2016-10-08,,Normal,,
2016-10-09,,Normal,,
2016-10-10,,Normal,,
2016-10-11,,Normal,,
2016-10-12,,Normal,,
2016-10-13,,Normal,,
2016-10-14,,Normal,,
2016-10-15,,Normal,,
2016-10-16,,Normal,,
2016-10-17,,Normal,,
2016-10-18,,Normal,,
2016-10-19,,Normal,,
2016-10-20,,Normal,,
2016-10-21,,Normal,,
2016-10-22,,Normal,,
2016-10-23,,Normal,,
2016-10-24,,Normal,,
2016-10-25,,Normal,,
2016-10-26,,Normal,,
2016-10-27,,Normal,,
2016-10-28,,Normal,,
2016-10-29,,Normal,,
2016-10-30,,Normal,,
2016-10-31,,Normal,,
2016-11-01,,Normal,,
2016-11-02,,Normal,,
2016-11-03,,Normal,,
2016-11-04,,Normal,,
2016-11-05,,Normal,,
2016-11-06,,Normal,,
2016-11-07,,Normal,,
2016-11-08,,Normal,,
2016-11-09,,Normal,,
2016-11-10,,Normal,,
2016-11-11,,Normal,,
2016-11-12,,Normal,,
2016-11-13,,Normal,,
2016-11-14,,Normal,,
2016-11-15,,Normal,,
2016-11-16,,Normal,,
2016-11-17,,Normal,,
2016-11-18,,Normal,,
2016-11-19,,Normal,,
2016-11-20,,Normal,,
2016-11-21,,Normal,,
2016-11-22,,Normal,,
2016-11-23,,Normal,,
2016-11-24,,Normal,,
2016-11-25,,Normal,,
2016-11-26,,Normal,,
2016-11-27,,Normal,,
2016-11-28,,Normal,,
2016-11-29,,Normal,,
2016-11-30,,Normal,,
2016-12-01,,Normal,,
2016-12-02,,Normal,,
2016-12-03,,Normal,,
2016-12-04,,Normal,,
2016-12-05,,Normal,,
2016-12-06,,Normal,,
2016-12-07,,Normal,,
2016-12-08,,Normal,,
2016-12-09,,Normal,,
2016-12-10,,Normal,,
2016-12-11,,Normal,,
2016-12-12,,Normal,,
2016-12-13,,Normal,,
2016-12-14,,Normal,,
2016-12-15,,Normal,,
2016-12-16,,Normal,,
2016-12-17,,Normal,,
2016-12-18,,Normal,,
2016-12-19,,Normal,,
2016-12-20,,Normal,,
2016-12-21,,Normal,,
2016-12-22,,Normal,,
2016-12-23,,Normal,,
2016-12-24,,Normal,,
2016-12-25,,Normal,,
2016-12-26,,Normal,,
2016-12-27,,Normal,,
2016-12-28,,Normal,,
2016-12-29,,Normal,,
2016-12-30,,Normal,,
2016-12-31,,Normal,,
2017-01-01,,Normal,,
2017-01-02,,Normal,,
2017-01-03,,Normal,,
2017-01-04,,Normal,,
2017-01-05,,Normal,,
2017-01-06,,Normal,,
2017-01-07,,Normal,,
2017-01-08,,Normal,,
2017-01-09,,Normal,,
2017-01-10,,Normal,,
2017-01-11,,Normal,,
2017-01-12,,Normal,,
2017-01-13,,Normal,,
2017-01-14,,Normal,,
2017-01-15,,Normal,,
2017-01-16,,Normal,,
2017-01-17,,Normal,,
2017-01-18,,Normal,,
2017-01-19,,Normal,,
2017-01-20,,Normal,,
2017-01-21,,Normal,,
2017-01-22,,Normal,,
2017-01-23,,Normal,,
2017-01-24,,Normal,,
2017-01-25,,Normal,,
2017-01-26,,Normal,,
2017-01-27,,Normal,,
2017-01-28,,Normal,,
2017-01-29,,Normal,,
2017-01-30,,Normal,,
2017-01-31,,Normal,,
2017-02-01,,Normal,,
2017-02-02,,Normal,,
2017-02-03,,Normal,,
2017-02-04,,Normal,,
2017-02-05,,Normal,,
2017-02-06,,Normal,,
2017-02-07,,Normal,,
2017-02-08,,Normal,,
2017-02-09,,Normal,,
2017-02-10,,Normal,,
2017-02-11,,Normal,,
2017-02-12,,Normal,,
2017-02-13,,Normal,,
2017-02-14,,Normal,,
2017-02-15,,Normal,,
2017-02-16,,Normal,,
2017-02-17,,Normal,,
2017-02-18,,Normal,,
2017-02-19,,Normal,,
2017-02-20,,Normal,,
2017-02-21,,Normal,,
2017-02-22,,Normal,,
2017-02-23,,Normal,,
2017-02-24,,Normal,,
2017-02-25,,Normal,,
2017-02-26,,Normal,,
2017-02-27,,Normal,,
2017-02-28,,Normal,,
2017-03-01,,Normal,,
2017-03-02,,Normal,,
2017-03-03,,Normal,,
2017-03-04,,Normal,,
2017-03-05,,Normal,,
2017-03-06,,Normal,,
2017-03-07,,Normal,,
2017-03-08,,Normal,,
2017-03-09,,Normal,,
2017-03-10,,Normal,,
2017-03-11,,Normal,,
2017-03-12,,Normal,,
2017-03-13,,Normal,,
2017-03-14,,Normal,,
2017-03-15,,Normal,,
2017-03-16,,Normal,,
2017-03-17,,Normal,,
2017-03-18,,Normal,,
2017-03-19,,Normal,,
2017-03-20,,Normal,,
2017-03-21,,Normal,,
2017-03-22,,Normal,,
2017-03-23,,Normal,,
2017-03-24,,Normal,,
2017-03-25,,Normal,,
2017-03-26,,Normal,,
2017-03-27,,Normal,,
2017-03-28,,Normal,,
2017-03-29,,Normal,,
2017-03-30,,Normal,,
2017-03-31,,Normal,,
2017-04-01,,Normal,,
2017-04-02,,Normal,,
2017-04-03,,Normal,,
2017-04-04,,Normal,,
2017-04-05,,Normal,,
2017-04-06,,Normal,,
2017-04-07,,Normal,,
2017-04-08,,Normal,,
2017-04-09,,Normal,,
2017-04-10,,Normal,,
2017-04-11,,Normal,,
2017-04-12,,Normal,,
2017-04-13,,Normal,,
2017-04-14,,Normal,,
2017-04-15,,Normal,,
2017-04-16,,Normal,,
2017-04-17,,Normal,,
2017-04-18,,Normal,,
2017-04-19,,Normal,,
2017-04-20,,Normal,,
2017-04-21,,Normal,,
2017-04-22,,Normal,,
2017-04-23,,Normal,,
2017-04-24,,Normal,,
2017-04-25,,Normal,,
2017-04-26,,Normal,,
2017-04-27,,Normal,,
2017-04-28,,Normal,,
2017-04-29,,Normal,,
2017-04-30,,Normal,,
2017-05-01,,Normal,,
2017-05-02,,Normal,,
2017-05-03,,Normal,,
2017-05-04,,Normal,,
2017-05-05,,Normal,,
2017-05-06,,Normal,,
2017-05-07,,Normal,,
2017-05-08,,Normal,,
2017-05-09,,Normal,,
2017-05-10,,Normal,,
2017-05-11,,Normal,,
2017-05-12,,Normal,,
2017-05-13,,Normal,,
2017-05-14,,Normal,,
2017-05-15,,Normal,,
2017-05-16,,Normal,,
2017-05-17,,Normal,,
2017-05-18,,Normal,,
2017-05-19,,Normal,,
2017-05-20,,Normal,,
2017-05-21,,Normal,,
2017-05-22,,Normal,,
2017-05-23,,Normal,,
2017-05-24,,Normal,,
2017-05-25,,Normal,,
2017-05-26,,Normal,,
2017-05-27,,Normal,,
2017-05-28,,Normal,,
2017-05-29,,Normal,,
2017-05-30,,Normal,,
2017-05-31,,Normal,,
2017-06-01,,Normal,,
2017-06-02,,Normal,,
2017-06-03,,Normal,,
2017-06-04,,Normal,,
2017-06-05,,Normal,,
2017-06-06,,Normal,,
2017-06-07,,Normal,,
2017-06-08,,Normal,,
2017-06-09,,Normal,,
2017-06-10,,Normal,,
2017-06-11,,Normal,,
2017-06-12,,Normal,,
2017-06-13,,Normal,,
2017-06-14,,Normal,,
2017-06-15,,Normal,,
2017-06-16,,Normal,,
2017-06-17,,Normal,,
2017-06-18,,Normal,,
2017-06-19,,Normal,,
2017-06-20,,Normal,,
2017-06-21,,Normal,,
2017-06-22,,Normal,,
2017-06-23,,Normal,,
2017-06-24,,Normal,,
2017-06-25,,Normal,,
2017-06-26,,Normal,,
2017-06-27,,Normal,,
2017-06-28,,Normal,,
2017-06-29,,Normal,,
2017-06-30,,Normal,,
2017-07-01,,Normal,,
2017-07-02,,Normal,,
2017-07-03,,Normal,,
2017-07-04,,Normal,,
2017-07-05,,Normal,,
2017-07-06,,Normal,,
2017-07-07,,Normal,,
2017-07-08,,Normal,,
2017-07-09,,Normal,,
2017-07-10,,Normal,,
2017-07-11,,Normal,,
2017-07-12,,Normal,,
2017-07-13,,Normal,,
2017-07-14,,Normal,,
2017-07-15,,Normal,,
2017-07-16,,Normal,,
2017-07-17,,Normal,,
2017-07-18,,Normal,,
2017-07-19,,Normal,,
2017-07-20,,Normal,,
2017-07-21,,Normal,,
2017-07-22,,Normal,,
2017-07-23,,Normal,,
2017-07-24,,Normal,,
2017-07-25,,Normal,,
2017-07-26,,Normal,,
2017-07-27,,Normal,,
2017-07-28,,Normal,,
2017-07-29,,Normal,,
2017-07-30,,Normal,,
2017-07-31,,Normal,,
2017-08-01,,Normal,,
2017-08-02,,Normal,,
2017-08-03,,Normal,,
2017-08-04,,Normal,,
2017-08-05,,Normal,,
2017-08-06,,Normal,,
2017-08-07,,Normal,,
2017-08-08,,Normal,,
2017-08-09,,Normal,,
2017-08-10,,Normal,,
2017-08-11,,Normal,,
2017-08-12,,Normal,,
2017-08-13,,Normal,,
2017-08-14,,Normal,,
2017-08-15,,Normal,,
2017-08-16,,Normal,,
2017-08-17,,Normal,,
2017-08-18,,Normal,,
2017-08-19,,Normal,,
2017-08-20,,Normal,,
2017-08-21,,Normal,,
2017-08-22,,Normal,,
2017-08-23,,Normal,,
2017-08-24,,Normal,,
2017-08-25,,Normal,,
2017-08-26,,Normal,,
2017-08-27,,Normal,,
2017-08-28,,Normal,,
2017-08-29,,Normal,,
2017-08-30,,Normal,,
2017-08-31,,Normal,,
2017-09-01,,Normal,,
2017-09-02,,Normal,,
2017-09-03,,Normal,,
2017-09-04,,Normal,,
2017-09-05,,Normal,,
2017-09-06,,Normal,,
2017-09-07,,Normal,,
2017-09-08,,Normal,,
2017-09-09,,Normal,,
2017-09-10,,Normal,,
2017-09-11,,Normal,,
2017-09-12,,Normal,,
2017-09-13,,Normal,,
2017-09-14,,Normal,,
2017-09-15,,Normal,,
2017-09-16,,Normal,,
2017-09-17,,Normal,,
2017-09-18,,Normal,,
2017-09-19,,Normal,,
2017-09-20,,Normal,,
2017-09-21,,Normal,,
2017-09-22,,Normal,,
2017-09-23,,Normal,,
2017-09-24,,Normal,,
2017-09-25,,Normal,,
2017-09-26,,Normal,,
2017-09-27,,Normal,,
2017-09-28,,Normal,,
2017-09-29,,Normal,,
2017-09-30,,Normal,,
2017-10-01,,Normal,,
2017-10-02,,Normal,,
2017-10-03,,Normal,,
2017-10-04,,Normal,,
2017-10-05,,Normal,,
2017-10-06,,Normal,,
2017-10-07,,Normal,,
2017-10-08,,Normal,,
2017-10-09,,Normal,,
2017-10-10,,Normal,,
2017-10-11,,Normal,,
2017-10-12,,Normal,,
2017-10-13,,Normal,,
2017-10-14,,Normal,,
2017-10-15,,Normal,,
2017-10-16,,Normal,,
2017-10-17,,Normal,,
2017-10-18,,Normal,,
2017-10-19,,Normal,,
2017-10-20,,Normal,,
2017-10-21,,Normal,,
2017-10-22,,Normal,,
2017-10-23,,Normal,,
2017-10-24,,Normal,,
2017-10-25,,Normal,,
2017-10-26,,Normal,,
2017-10-27,,Normal,,
2017-10-28,,Normal,,
2017-10-29,,Normal,,
2017-10-30,,Normal,,
2017-10-31,,Normal,,
2017-11-01,,Normal,,
2017-11-02,,Normal,,
2017-11-03,,Normal,,
2017-11-04,,Normal,,
2017-11-05,,Normal,,
2017-11-06,,Normal,,
2017-11-07,,Normal,,
2017-11-08,,Normal,,
2017-11-09,,Normal,,
2017-11-10,,Normal,,
2017-11-11,,Normal,,
2017-11-12,,Normal,,
2017-11-13,,Normal,,
2017-11-14,,Normal,,
2017-11-15,,Normal,,
2017-11-16,,Normal,,
2017-11-17,,Normal,,
2017-11-18,,Normal,,
2017-11-19,,Normal,,
2017-11-20,,Normal,,
2017-11-21,,Normal,,
2017-11-22,,Normal,,
2017-11-23,,Normal,,
2017-11-24,,Normal,,
2017-11-25,,Normal,,
2017-11-26,,Normal,,
2017-11-27,,Normal,,
2017-11-28,,Normal,,
2017-11-29,,Normal,,
2017-11-30,,Normal,,
2017-12-01,,Normal,,
2017-12-02,,Normal,,
2017-12-03,,Normal,,
2017-12-04,,Normal,,
2017-12-05,,Normal,,
2017-12-06,,Normal,,
2017-12-07,,Normal,,
2017-12-08,,Normal,,
2017-12-09,,Normal,,
2017-12-10,,Normal,,
2017-12-11,,Normal,,
2017-12-12,,Normal,,
2017-12-13,,Normal,,
2017-12-14,,Normal,,
2017-12-15,,Normal,,
2017-12-16,,Normal,,
2017-12-17,,Normal,,
2017-12-18,,Normal,,
2017-12-19,,Normal,,
2017-12-20,,Normal,,
2017-12-21,,Normal,,
2017-12-22,,Normal,,
2017-12-23,,Normal,,
2017-12-24,,Normal,,
2017-12-25,,Normal,,
2017-12-26,,Normal,,
2017-12-27,,Normal,,
2017-12-28,,Normal,,
2017-12-29,,Normal,,
2017-12-30,,Normal,,
2017-12-31,,Normal,,
2018-01-01,,Normal,,
2018-01-02,,Normal,,
2018-01-03,,Normal,,
2018-01-04,,Normal,,
2018-01-05,,Normal,,
2018-01-06,,Normal,,
2018-01-07,,Normal,,
2018-01-08,,Normal,,
2018-01-09,,Normal,,
2018-01-10,,Normal,,
2018-01-11,,Normal,,
2018-01-12,,Normal,,
2018-01-13,,Normal,,
2018-01-14,,Normal,,
2018-01-15,,Normal,,
2018-01-16,,Normal,,
2018-01-17,,Normal,,
2018-01-18,,Normal,,
2018-01-19,,Normal,,
2018-01-20,,Normal,,
2018-01-21,,Normal,,
2018-01-22,,Normal,,
2018-01-23,,Normal,,
2018-01-24,,Normal,,
2018-01-25,,Normal,,
2018-01-26,,Normal,,
2018-01-27,,Normal,,
2018-01-28,,Normal,,
2018-01-29,,Normal,,
2018-01-30,,Normal,,
2018-01-31,,Normal,,
2018-02-01,,Normal,,
2018-02-02,,Normal,,
2018-02-03,,Normal,,
2018-02-04,,Normal,,
2018-02-05,,Normal,,
2018-02-06,,Normal,,
2018-02-07,,Normal,,
2018-02-08,,Normal,,
2018-02-09,,Normal,,
2018-02-10,,Normal,,
2018-02-11,,Normal,,
2018-02-12,,Normal,,
2018-02-13,,Normal,,
2018-02-14,,Normal,,
2018-02-15,,Normal,,
2018-02-16,,Normal,,
2018-02-17,,Normal,,
2018-02-18,,Normal,,
2018-02-19,,Normal,,
2018-02-20,,Normal,,
2018-02-21,,Normal,,
2018-02-22,,Normal,,
2018-02-23,,Normal,,
2018-02-24,,Normal,,
2018-02-25,,Normal,,
2018-02-26,,Normal,,
2018-02-27,,Normal,,
2018-02-28,,Normal,,
2018-03-01,,Normal,,
2018-03-02,,Normal,,
2018-03-03,,Normal,,
2018-03-04,,Normal,,
2018-03-05,,Normal,,
2018-03-06,,Normal,,
2018-03-07,,Normal,,
2018-03-08,,Normal,,
2018-03-09,,Normal,,
2018-03-10,,Normal,,
2018-03-11,,Normal,,
2018-03-12,,Normal,,
2018-03-13,,Normal,,
2018-03-14,,Normal,,
2018-03-15,,Normal,,
2018-03-16,,Normal,,
2018-03-17,,Normal,,
2018-03-18,,Normal,,
2018-03-19,,Normal,,
2018-03-20,,Normal,,
2018-03-21,,Normal,,
2018-03-22,,Normal,,
2018-03-23,,Normal,,
2018-03-24,,Normal,,
2018-03-25,,Normal,,
2018-03-26,,Normal,,
2018-03-27,,Normal,,
2018-03-28,,Normal,,
2018-03-29,,Normal,,
2018-03-30,,Normal,,
2018-03-31,,Normal,,
2018-04-01,,Normal,,
2018-04-02,,Normal,,
2018-04-03,,Normal,,
2018-04-04,,Normal,,
2018-04-05,,Normal,,
2018-04-06,,Normal,,
2018-04-07,,Normal,,
2018-04-08,,Normal,,
2018-04-09,,Normal,,
2018-04-10,,Normal,,
2018-04-11,,Normal,,
2018-04-12,,Normal,,
2018-04-13,,Normal,,
2018-04-14,,Normal,,
2018-04-15,,Normal,,
2018-04-16,,Normal,,
2018-04-17,,Normal,,
2018-04-18,,Normal,,
2018-04-19,,Normal,,
2018-04-20,,Normal,,
2018-04-21,,Normal,,
2018-04-22,,Normal,,
2018-04-23,,Normal,,
2018-04-24,,Normal,,
2018-04-25,,Normal,,
2018-04-26,,Normal,,
2018-04-27,,Normal,,
2018-04-28,,Normal,,
2018-04-29,,Normal,,
2018-04-30,,Normal,,
2018-05-01,,Normal,,
2018-05-02,,Normal,,
2018-05-03,,Normal,,
2018-05-04,,Normal,,
2018-05-05,,Normal,,
2018-05-06,,Normal,,
2018-05-07,,Normal,,
2018-05-08,,Normal,,
2018-05-09,,Normal,,
2018-05-10,,Normal,,
2018-05-11,,Normal,,
2018-05-12,,Normal,,
2018-05-13,,Normal,,
2018-05-14,,Normal,,
2018-05-15,,Normal,,
2018-05-16,,Normal,,
2018-05-17,,Normal,,
2018-05-18,,Normal,,
2018-05-19,,Normal,,
2018-05-20,,Normal,,
2018-05-21,,Normal,,
2018-05-22,,Normal,,
2018-05-23,,Normal,,
2018-05-24,,Normal,,
2018-05-25,,Normal,,
2018-05-26,,Normal,,
2018-05-27,,Normal,,
2018-05-28,,Normal,,
2018-05-29,,Normal,,
2018-05-30,,Normal,,
2018-05-31,,Normal,,
2018-06-01,,Normal,,
2018-06-02,,Normal,,
2018-06-03,,Normal,,
2018-06-04,,Normal,,
2018-06-05,,Normal,,
2018-06-06,,Normal,,
2018-06-07,,Normal,,
2018-06-08,,Normal,,
2018-06-09,,Normal,,
2018-06-10,,Normal,,
2018-06-11,,Normal,,
2018-06-12,,Normal,,
2018-06-13,,Normal,,
2018-06-14,,Normal,,
2018-06-15,,Normal,,
2018-06-16,,Normal,,
2018-06-17,,Normal,,
2018-06-18,,Normal,,
2018-06-19,,Normal,,
2018-06-20,,Normal,,
2018-06-21,,Normal,,
2018-06-22,,Normal,,
2018-06-23,,Normal,,
2018-06-24,,Normal,,
2018-06-25,,Normal,,
2018-06-26,,Normal,,
2018-06-27,,Normal,,
2018-06-28,,Normal,,
2018-06-29,,Normal,,
2018-06-30,,Normal,,
2018-07-01,,Normal,,
2018-07-02,,Normal,,
2018-07-03,,Normal,,
2018-07-04,,Normal,,
2018-07-05,,Normal,,
2018-07-06,,Normal,,
2018-07-07,,Normal,,
2018-07-08,,Normal,,
2018-07-09,,Normal,,
2018-07-10,,Normal,,
2018-07-11,,Normal,,
2018-07-12,,Normal,,
2018-07-13,,Normal,,
2018-07-14,,Normal,,
2018-07-15,,Normal,,
2018-07-16,,Normal,,
2018-07-17,,Normal,,
2018-07-18,,Normal,,
2018-07-19,,Normal,,
2018-07-20,,Normal,,
2018-07-21,,Normal,,
2018-07-22,,Normal,,
2018-07-23,,Normal,,
2018-07-24,,Normal,,
2018-07-25,,Normal,,
2018-07-26,,Normal,,
2018-07-27,,Normal,,
2018-07-28,,Normal,,
2018-07-29,,Normal,,
2018-07-30,,Normal,,
2018-07-31,,Normal,,
2018-08-01,,Normal,,
2018-08-02,,Normal,,
2018-08-03,,Normal,,
2018-08-04,,Normal,,
2018-08-05,,Normal,,
2018-08-06,Primer Curso de Python,Día Clave,Aprovecha la Comunidad: aprende y comparte,
2018-08-07,,Normal,,
2018-08-08,,Normal,,
2018-08-09,,Normal,,
2018-08-10,,Normal,,
2018-08-11,,Normal,,
2018-08-12,,Normal,,
2018-08-13,,Normal,,
2018-08-14,,Normal,,
2018-08-15,,Normal,,
2018-08-16,,Normal,,
2018-08-17,,Normal,,
2018-08-18,,Normal,,
2018-08-19,,Normal,,
2018-08-20,,Normal,,
2018-08-21,,Normal,,
2018-08-22,,Normal,,
2018-08-23,,Normal,,
2018-08-24,,Normal,,
2018-08-25,,Normal,,
2018-08-26,,Normal,,
2018-08-27,,Normal,,
2018-08-28,,Normal,,
2018-08-29,,Normal,,
2018-08-30,,Normal,,
2018-08-31,,Normal,,
2018-09-01,,Normal,,
2018-09-02,,Normal,,
2018-09-03,,Normal,,
2018-09-04,,Normal,,
2018-09-05,,Normal,,
2018-09-06,,Normal,,
2018-09-07,,Normal,,
2018-09-08,,Normal,,
2018-09-09,,Normal,,
2018-09-10,,Normal,,
2018-09-11,,Normal,,
2018-09-12,,Normal,,
2018-09-13,,Normal,,
2018-09-14,,Normal,,
2018-09-15,,Normal,,
2018-09-16,,Normal,,
2018-09-17,,Normal,,
2018-09-18,,Normal,,
2018-09-19,,Normal,,
2018-09-20,,Normal,,
2018-09-21,,Normal,,
2018-09-22,,Normal,,
2018-09-23,,Normal,,
2018-09-24,,Normal,,
2018-09-25,,Normal,,
2018-09-26,,Normal,,
2018-09-27,,Normal,,
2018-09-28,,Normal,,
2018-09-29,,Normal,,
2018-09-30,,Normal,,
2018-10-01,,Normal,,
2018-10-02,,Normal,,
2018-10-03,,Normal,,
2018-10-04,,Normal,,
2018-10-05,,Normal,,
2018-10-06,,Normal,,
2018-10-07,,Normal,,
2018-10-08,,Normal,,
2018-10-09,,Normal,,
2018-10-10,,Normal,,
2018-10-11,,Normal,,
2018-10-12,,Normal,,
2018-10-13,,Normal,,
2018-10-14,,Normal,,
2018-10-15,,Normal,,
2018-10-16,,Normal,,
2018-10-17,,Normal,,
2018-10-18,,Normal,,
2018-10-19,,Normal,,
2018-10-20,,Normal,,
2018-10-21,,Normal,,
2018-10-22,,Normal,,
2018-10-23,,Normal,,
2018-10-24,,Normal,,
2018-10-25,,Normal,,
2018-10-26,,Normal,,
2018-10-27,,Normal,,
2018-10-28,,Normal,,
2018-10-29,,Normal,,
2018-10-30,,Normal,,
2018-10-31,,Normal,,
2018-11-01,,Normal,,
2018-11-02,,Normal,,
2018-11-03,,Normal,,
2018-11-04,,Normal,,
2018-11-05,,Normal,,
2018-11-06,,Normal,,
2018-11-07,,Normal,,
2018-11-08,,Normal,,
2018-11-09,,Normal,,
2018-11-10,,Normal,,
2018-11-11,,Normal,,
2018-11-12,,Normal,,
2018-11-13,,Normal,,
2018-11-14,,Normal,,
2018-11-15,,Normal,,
2018-11-16,,Normal,,
2018-11-17,,Normal,,
2018-11-18,,Normal,,
2018-11-19,,Normal,,
2018-11-20,,Normal,,
2018-11-21,,Normal,,
2018-11-22,,Normal,,
2018-11-23,,Normal,,
2018-11-24,,Normal,,
2018-11-25,,Normal,,
2018-11-26,,Normal,,
2018-11-27,,Normal,,
2018-11-28,,Normal,,
2018-11-29,,Normal,,
2018-11-30,,Normal,,
2018-12-01,,Normal,,
2018-12-02,,Normal,,
2018-12-03,,Normal,,
2018-12-04,,Normal,,
2018-12-05,,Normal,,
2018-12-06,,Normal,,
2018-12-07,,Normal,,
2018-12-08,,Normal,,
2018-12-09,,Normal,,
2018-12-10,,Normal,,
2018-12-11,,Normal,,
2018-12-12,,Normal,,
2018-12-13,,Normal,,
2018-12-14,,Normal,,
2018-12-15,,Normal,,
2018-12-16,,Normal,,
2018-12-17,,Normal,,
2018-12-18,,Normal,,
2018-12-19,,Normal,,
2018-12-20,,Normal,,
2018-12-21,,Normal,,
2018-12-22,,Normal,,
2018-12-23,,Normal,,
2018-12-24,,Normal,,
2018-12-25,,Normal,,
2018-12-26,,Normal,,
2018-12-27,,Normal,,
2018-12-28,,Normal,,
2018-12-29,,Normal,,
2018-12-30,,Normal,,
2018-12-31,,Normal,,
2019-01-01,,Normal,,
2019-01-02,,Normal,,
2019-01-03,,Normal,,
2019-01-04,,Normal,,
2019-01-05,,Normal,,
2019-01-06,,Normal,,
2019-01-07,,Normal,,
2019-01-08,,Normal,,
2019-01-09,,Normal,,
2019-01-10,,Normal,,
2019-01-11,,Normal,,
2019-01-12,,Normal,,
2019-01-13,,Normal,,
2019-01-14,,Normal,,
2019-01-15,,Normal,,
2019-01-16,,Normal,,
2019-01-17,,Normal,,
2019-01-18,,Normal,,
2019-01-19,,Normal,,
2019-01-20,,Normal,,
2019-01-21,,Normal,,
2019-01-22,,Normal,,
2019-01-23,,Normal,,
2019-01-24,,Normal,,
2019-01-25,,Normal,,
2019-01-26,,Normal,,
2019-01-27,,Normal,,
2019-01-28,,Normal,,
2019-01-29,,Normal,,
2019-01-30,,Normal,,
2019-01-31,,Normal,,
2019-02-01,Primeros Recibos BSD,Día Clave,Toma el ownership de nuevas cosas y cacarea el huevo.,
2019-02-02,,Normal,,
2019-02-03,,Normal,,
2019-02-04,,Normal,,
2019-02-05,,Normal,,
2019-02-06,,Normal,,
2019-02-07,,Normal,,
2019-02-08,,Normal,,
2019-02-09,,Normal,,
2019-02-10,,Normal,,
2019-02-11,,Normal,,
2019-02-12,,Normal,,
2019-02-13,,Normal,,
2019-02-14,,Normal,,
2019-02-15,,Normal,,
2019-02-16,,Normal,,
2019-02-17,,Normal,,
2019-02-18,,Normal,,
2019-02-19,,Normal,,
2019-02-20,,Normal,,
2019-02-21,,Normal,,
2019-02-22,,Normal,,
2019-02-23,,Normal,,
2019-02-24,,Normal,,
2019-02-25,,Normal,,
2019-02-26,,Normal,,
2019-02-27,,Normal,,
2019-02-28,,Normal,,
2019-03-01,,Normal,,
2019-03-02,,Normal,,
2019-03-03,,Normal,,
2019-03-04,,Normal,,
2019-03-05,,Normal,,
2019-03-06,,Normal,,
2019-03-07,,Normal,,
2019-03-08,,Normal,,
2019-03-09,,Normal,,
2019-03-10,,Normal,,
2019-03-11,,Normal,,
2019-03-12,,Normal,,
2019-03-13,,Normal,,
2019-03-14,,Normal,,
2019-03-15,,Normal,,
2019-03-16,,Normal,,
2019-03-17,,Normal,,
2019-03-18,,Normal,,
2019-03-19,,Normal,,
2019-03-20,,Normal,,
2019-03-21,,Normal,,
2019-03-22,,Normal,,
2019-03-23,,Normal,,
2019-03-24,,Normal,,
2019-03-25,,Normal,,
2019-03-26,,Normal,,
2019-03-27,,Normal,,
2019-03-28,,Normal,,
2019-03-29,,Normal,,
2019-03-30,,Normal,,
2019-03-31,,Normal,,
2019-04-01,,Normal,,
2019-04-02,,Normal,,
2019-04-03,,Normal,,
2019-04-04,,Normal,,
2019-04-05,,Normal,,
2019-04-06,,Normal,,
2019-04-07,,Normal,,
2019-04-08,,Normal,,
2019-04-09,,Normal,,
2019-04-10,,Normal,,
2019-04-11,,Normal,,
2019-04-12,,Normal,,
2019-04-13,,Normal,,
2019-04-14,,Normal,,
2019-04-15,,Normal,,
2019-04-16,,Normal,,
2019-04-17,,Normal,,
2019-04-18,,Normal,,
2019-04-19,,Normal,,
2019-04-20,,Normal,,
2019-04-21,,Normal,,
2019-04-22,,Normal,,
2019-04-23,,Normal,,
2019-04-24,,Normal,,
2019-04-25,,Normal,,
2019-04-26,,Normal,,
2019-04-27,,Normal,,
2019-04-28,,Normal,,
2019-04-29,,Normal,,
2019-04-30,,Normal,,
2019-05-01,,Normal,,
2019-05-02,,Normal,,
2019-05-03,,Normal,,
2019-05-04,,Normal,,
2019-05-05,,Normal,,
2019-05-06,,Normal,,
2019-05-07,,Normal,,
2019-05-08,,Normal,,
2019-05-09,,Normal,,
2019-05-10,,Normal,,
2019-05-11,,Normal,,
2019-05-12,,Normal,,
2019-05-13,,Normal,,
2019-05-14,,Normal,,
2019-05-15,,Normal,,
2019-05-16,,Normal,,
2019-05-17,,Normal,,
2019-05-18,,Normal,,
2019-05-19,,Normal,,
2019-05-20,,Normal,,
2019-05-21,,Normal,,
2019-05-22,,Normal,,
2019-05-23,,Normal,,
2019-05-24,,Normal,,
2019-05-25,,Normal,,
2019-05-26,,Normal,,
2019-05-27,,Normal,,
2019-05-28,,Normal,,
2019-05-29,,Normal,,
2019-05-30,,Normal,,
2019-05-31,,Normal,,
2019-06-01,,Normal,,
2019-06-02,,Normal,,
2019-06-03,,Normal,,
2019-06-04,,Normal,,
2019-06-05,,Normal,,
2019-06-06,,Normal,,
2019-06-07,,Normal,,
2019-06-08,,Normal,,
2019-06-09,,Normal,,
2019-06-10,,Normal,,
2019-06-11,,Normal,,
2019-06-12,,Normal,,
2019-06-13,,Normal,,
2019-06-14,,Normal,,
2019-06-15,,Normal,,
2019-06-16,,Normal,,
2019-06-17,,Normal,,
2019-06-18,,Normal,,
2019-06-19,,Normal,,
2019-06-20,,Normal,,
2019-06-21,,Normal,,
2019-06-22,,Normal,,
2019-06-23,,Normal,,
2019-06-24,,Normal,,
2019-06-25,,Normal,,
2019-06-26,,Normal,,
2019-06-27,,Normal,,
2019-06-28,,Normal,,
2019-06-29,,Normal,,
2019-06-30,,Normal,,
2019-07-01,,Normal,,
2019-07-02,,Normal,,
2019-07-03,,Normal,,
2019-07-04,,Normal,,
2019-07-05,,Normal,,
2019-07-06,,Normal,,
2019-07-07,,Normal,,
2019-07-08,,Normal,,
2019-07-09,,Normal,,
2019-07-10,,Normal,,
2019-07-11,,Normal,,
2019-07-12,,Normal,,
2019-07-13,,Normal,,
2019-07-14,,Normal,,
2019-07-15,,Normal,,
2019-07-16,,Normal,,
2019-07-17,,Normal,,
2019-07-18,,Normal,,
2019-07-19,,Normal,,
2019-07-20,,Normal,,
2019-07-21,,Normal,,
2019-07-22,,Normal,,
2019-07-23,,Normal,,
2019-07-24,,Normal,,
2019-07-25,,Normal,,
2019-07-26,,Normal,,
2019-07-27,,Normal,,
2019-07-28,,Normal,,
2019-07-29,,Normal,,
2019-07-30,,Normal,,
2019-07-31,,Normal,,
2019-08-01,,Normal,,
2019-08-02,,Normal,,
2019-08-03,,Normal,,
2019-08-04,,Normal,,
2019-08-05,,Normal,,
2019-08-06,,Normal,,
2019-08-07,,Normal,,
2019-08-08,,Normal,,
2019-08-09,,Normal,,
2019-08-10,,Normal,,
2019-08-11,,Normal,,
2019-08-12,,Normal,,
2019-08-13,,Normal,,
2019-08-14,,Normal,,
2019-08-15,,Normal,,
2019-08-16,,Normal,,
2019-08-17,,Normal,,
2019-08-18,,Normal,,
2019-08-19,,Normal,,
2019-08-20,,Normal,,
2019-08-21,,Normal,,
2019-08-22,,Normal,,
2019-08-23,,Normal,,
2019-08-24,,Normal,,
2019-08-25,,Normal,,
2019-08-26,,Normal,,
2019-08-27,,Normal,,
2019-08-28,,Normal,,
2019-08-29,PyLATAM,Día Clave,Aprovecha la Comunidad: aprende y comparte,
2019-08-30,,Normal,,
2019-08-31,,Normal,,
2019-09-01,,Normal,,
2019-09-02,,Normal,,
2019-09-03,,Normal,,
2019-09-04,,Normal,,
2019-09-05,,Normal,,
2019-09-06,,Normal,,
2019-09-07,,Normal,,
2019-09-08,,Normal,,
2019-09-09,,Normal,,
2019-09-10,,Normal,,
2019-09-11,,Normal,,
2019-09-12,,Normal,,
2019-09-13,,Normal,,
2019-09-14,,Normal,,
2019-09-15,,Normal,,
2019-09-16,,Normal,,
2019-09-17,,Normal,,
2019-09-18,,Normal,,
2019-09-19,,Normal,,
2019-09-20,,Normal,,
2019-09-21,,Normal,,
2019-09-22,,Normal,,
2019-09-23,,Normal,,
2019-09-24,,Normal,,
2019-09-25,,Normal,,
2019-09-26,,Normal,,
2019-09-27,,Normal,,
2019-09-28,,Normal,,
2019-09-29,,Normal,,
2019-09-30,,Normal,,
2019-10-01,,Normal,,
2019-10-02,,Normal,,
2019-10-03,,Normal,,
2019-10-04,,Normal,,
2019-10-05,,Normal,,
2019-10-06,,Normal,,
2019-10-07,,Normal,,
2019-10-08,,Normal,,
2019-10-09,,Normal,,
2019-10-10,,Normal,,
2019-10-11,,Normal,,
2019-10-12,,Normal,,
2019-10-13,,Normal,,
2019-10-14,,Normal,,
2019-10-15,,Normal,,
2019-10-16,,Normal,,
2019-10-17,,Normal,,
2019-10-18,,Normal,,
2019-10-19,,Normal,,
2019-10-20,,Normal,,
2019-10-21,,Normal,,
2019-10-22,,Normal,,
2019-10-23,,Normal,,
2019-10-24,,Normal,,
2019-10-25,,Normal,,
2019-10-26,,Normal,,
2019-10-27,,Normal,,
2019-10-28,,Normal,,
2019-10-29,,Normal,,
2019-10-30,,Normal,,
2019-10-31,,Normal,,
2019-11-01,,Normal,,
2019-11-02,,Normal,,
2019-11-03,,Normal,,
2019-11-04,,Normal,,
2019-11-05,,Normal,,
2019-11-06,,Normal,,
2019-11-07,,Normal,,
2019-11-08,,Normal,,
2019-11-09,,Normal,,
2019-11-10,,Normal,,
2019-11-11,,Normal,,
2019-11-12,,Normal,,
2019-11-13,,Normal,,
2019-11-14,,Normal,,
2019-11-15,,Normal,,
2019-11-16,,Normal,,
2019-11-17,,Normal,,
2019-11-18,,Normal,,
2019-11-19,,Normal,,
2019-11-20,,Normal,,
2019-11-21,,Normal,,
2019-11-22,,Normal,,
2019-11-23,,Normal,,
2019-11-24,,Normal,,
2019-11-25,,Normal,,
2019-11-26,,Normal,,
2019-11-27,,Normal,,
2019-11-28,,Normal,,
2019-11-29,,Normal,,
2019-11-30,,Normal,,
2019-12-01,,Normal,,
2019-12-02,,Normal,,
2019-12-03,,Normal,,
2019-12-04,,Normal,,
2019-12-05,,Normal,,
2019-12-06,,Normal,,
2019-12-07,,Normal,,
2019-12-08,,Normal,,
2019-12-09,,Normal,,
2019-12-10,,Normal,,
2019-12-11,,Normal,,
2019-12-12,,Normal,,
2019-12-13,,Normal,,
2019-12-14,,Normal,,
2019-12-15,,Normal,,
2019-12-16,,Normal,,
2019-12-17,,Normal,,
2019-12-18,,Normal,,
2019-12-19,,Normal,,
2019-12-20,Análisis Casitgos Pats,Día Clave,"Juega, juega y juega hasta que crees algo útil",https://twitter.com/nerudista/status/1208182781085388800
2019-12-21,,Normal,,
2019-12-22,,Normal,,
2019-12-23,,Normal,,
2019-12-24,,Normal,,
2019-12-25,,Normal,,
2019-12-26,,Normal,,
2019-12-27,,Normal,,
2019-12-28,,Normal,,
2019-12-29,,Normal,,
2019-12-30,,Normal,,
2019-12-31,,Normal,,
2020-01-01,,Normal,,
2020-01-02,,Normal,,
2020-01-03,,Normal,,
2020-01-04,Primer Post en TacosdeDatos,Día Clave,Aprovecha la Comunidad: aprende y comparte,
2020-01-05,,Normal,,
2020-01-06,,Normal,,
2020-01-07,,Normal,,
2020-01-08,,Normal,,
2020-01-09,,Normal,,
2020-01-10,,Normal,,
2020-01-11,,Normal,,
2020-01-12,,Normal,,
2020-01-13,,Normal,,
2020-01-14,,Normal,,
2020-01-15,,Normal,,
2020-01-16,,Normal,,
2020-01-17,,Normal,,
2020-01-18,,Normal,,
2020-01-19,,Normal,,
2020-01-20,,Normal,,
2020-01-21,,Normal,,
2020-01-22,,Normal,,
2020-01-23,,Normal,,
2020-01-24,,Normal,,
2020-01-25,,Normal,,
2020-01-26,,Normal,,
2020-01-27,,Normal,,
2020-01-28,,Normal,,
2020-01-29,,Normal,,
2020-01-30,,Normal,,
2020-01-31,,Normal,,
2020-02-01,,Normal,,
2020-02-02,,Normal,,
2020-02-03,,Normal,,
2020-02-04,,Normal,,
2020-02-05,,Normal,,
2020-02-06,,Normal,,
2020-02-07,,Normal,,
2020-02-08,,Normal,,
2020-02-09,,Normal,,
2020-02-10,,Normal,,
2020-02-11,,Normal,,
2020-02-12,,Normal,,
2020-02-13,,Normal,,
2020-02-14,,Normal,,
2020-02-15,,Normal,,
2020-02-16,,Normal,,
2020-02-17,,Normal,,
2020-02-18,,Normal,,
2020-02-19,,Normal,,
2020-02-20,,Normal,,
2020-02-21,,Normal,,
2020-02-22,,Normal,,
2020-02-23,,Normal,,
2020-02-24,,Normal,,
2020-02-25,,Normal,,
2020-02-26,,Normal,,
2020-02-27,,Normal,,
2020-02-28,,Normal,,
2020-02-29,,Normal,,
2020-03-01,,Normal,,
2020-03-02,,Normal,,
2020-03-03,,Normal,,
2020-03-04,,Normal,,
2020-03-05,,Normal,,
2020-03-06,,Normal,,
2020-03-07,,Normal,,
2020-03-08,,Normal,,
2020-03-09,,Normal,,
2020-03-10,,Normal,,
2020-03-11,,Normal,,
2020-03-12,,Normal,,
2020-03-13,,Normal,,
2020-03-14,,Normal,,
2020-03-15,,Normal,,
2020-03-16,,Normal,,
2020-03-17,,Normal,,
2020-03-18,,Normal,,
2020-03-19,,Normal,,
2020-03-20,,Normal,,
2020-03-21,,Normal,,
2020-03-22,,Normal,,
2020-03-23,,Normal,,
2020-03-24,,Normal,,
2020-03-25,,Normal,,
2020-03-26,,Normal,,
2020-03-27,,Normal,,
2020-03-28,,Normal,,
2020-03-29,,Normal,,
2020-03-30,,Normal,,
2020-03-31,,Normal,,
2020-04-01,,Normal,,
2020-04-02,,Normal,,
2020-04-03,,Normal,,
2020-04-04,,Normal,,
2020-04-05,,Normal,,
2020-04-06,,Normal,,
2020-04-07,,Normal,,
2020-04-08,,Normal,,
2020-04-09,,Normal,,
2020-04-10,,Normal,,
2020-04-11,,Normal,,
2020-04-12,,Normal,,
2020-04-13,,Normal,,
2020-04-14,,Normal,,
2020-04-15,PoC AWS-Spark,Día Clave,Toma el ownership de nuevas cosas y cacarea el huevo.,
2020-04-16,,Normal,,
2020-04-17,,Normal,,
2020-04-18,,Normal,,
2020-04-19,,Normal,,
2020-04-20,,Normal,,
2020-04-21,,Normal,,
2020-04-22,,Normal,,
2020-04-23,,Normal,,
2020-04-24,,Normal,,
2020-04-25,,Normal,,
2020-04-26,,Normal,,
2020-04-27,,Normal,,
2020-04-28,,Normal,,
2020-04-29,,Normal,,
2020-04-30,,Normal,,
2020-05-01,,Normal,,
2020-05-02,,Normal,,
2020-05-03,,Normal,,
2020-05-04,,Normal,,
2020-05-05,,Normal,,
2020-05-06,,Normal,,
2020-05-07,,Normal,,
2020-05-08,,Normal,,
2020-05-09,,Normal,,
2020-05-10,,Normal,,
2020-05-11,,Normal,,
2020-05-12,,Normal,,
2020-05-13,,Normal,,
2020-05-14,,Normal,,
2020-05-15,,Normal,,
2020-05-16,,Normal,,
2020-05-17,,Normal,,
2020-05-18,,Normal,,
2020-05-19,,Normal,,
2020-05-20,,Normal,,
2020-05-21,,Normal,,
2020-05-22,,Normal,,
2020-05-23,,Normal,,
2020-05-24,,Normal,,
2020-05-25,,Normal,,
2020-05-26,,Normal,,
2020-05-27,,Normal,,
2020-05-28,,Normal,,
2020-05-29,,Normal,,
2020-05-30,,Normal,,
2020-05-31,,Normal,,
2020-06-01,,Normal,,
2020-06-02,,Normal,,
2020-06-03,,Normal,,
2020-06-04,,Normal,,
2020-06-05,,Normal,,
2020-06-06,,Normal,,
2020-06-07,,Normal,,
2020-06-08,,Normal,,
2020-06-09,,Normal,,
2020-06-10,,Normal,,
2020-06-11,,Normal,,
2020-06-12,,Normal,,
2020-06-13,,Normal,,
2020-06-14,,Normal,,
2020-06-15,,Normal,,
2020-06-16,,Normal,,
2020-06-17,Docker para DWH,Día Clave,"Juega, juega y juega hasta que crees algo útil",
2020-06-18,,Normal,,
2020-06-19,,Normal,,
2020-06-20,,Normal,,
2020-06-21,,Normal,,
2020-06-22,,Normal,,
2020-06-23,,Normal,,
2020-06-24,,Normal,,
2020-06-25,,Normal,,
2020-06-26,,Normal,,
2020-06-27,,Normal,,
2020-06-28,,Normal,,
2020-06-29,,Normal,,
2020-06-30,,Normal,,
2020-07-01,,Normal,,
2020-07-02,,Normal,,
2020-07-03,,Normal,,
2020-07-04,,Normal,,
2020-07-05,,Normal,,
2020-07-06,,Normal,,
2020-07-07,,Normal,,
2020-07-08,,Normal,,
2020-07-09,,Normal,,
2020-07-10,,Normal,,
2020-07-11,,Normal,,
2020-07-12,,Normal,,
2020-07-13,,Normal,,
2020-07-14,,Normal,,
2020-07-15,,Normal,,
2020-07-16,,Normal,,
2020-07-17,,Normal,,
2020-07-18,PoC Dashboard en Dash,Día Clave,"Juega, juega y juega hasta que crees algo útil",
2020-07-19,,Normal,,
2020-07-20,,Normal,,
2020-07-21,,Normal,,
2020-07-22,,Normal,,
2020-07-23,,Normal,,
2020-07-24,,Normal,,
2020-07-25,,Normal,,
2020-07-26,,Normal,,
2020-07-27,,Normal,,
2020-07-28,,Normal,,
2020-07-29,,Normal,,
2020-07-30,,Normal,,
2020-07-31,,Normal,,
2020-08-01,,Normal,,
2020-08-02,,Normal,,
2020-08-03,,Normal,,
2020-08-04,,Normal,,
2020-08-05,,Normal,,
2020-08-06,,Normal,,
2020-08-07,,Normal,,
2020-08-08,,Normal,,
2020-08-09,,Normal,,
2020-08-10,,Normal,,
2020-08-11,,Normal,,
2020-08-12,Arranque BI-Fundamentals,Día Clave,Toma el ownership de nuevas cosas y cacarea el huevo.,
2020-08-13,,Normal,,
2020-08-14,,Normal,,
2020-08-15,,Normal,,
2020-08-16,,Normal,,
2020-08-17,,Normal,,
2020-08-18,,Normal,,
2020-08-19,,Normal,,
2020-08-20,,Normal,,
2020-08-21,,Normal,,
2020-08-22,,Normal,,
2020-08-23,,Normal,,
2020-08-24,,Normal,,
2020-08-25,,Normal,,
2020-08-26,,Normal,,
2020-08-27,,Normal,,
2020-08-28,,Normal,,
2020-08-29,,Normal,,
2020-08-30,,Normal,,
2020-08-31,,Normal,,
2020-09-01,,Normal,,
2020-09-02,,Normal,,
2020-09-03,,Normal,,
2020-09-04,,Normal,,
2020-09-05,,Normal,,
2020-09-06,,Normal,,
2020-09-07,,Normal,,
2020-09-08,,Normal,,
2020-09-09,,Normal,,
2020-09-10,,Normal,,
2020-09-11,,Normal,,
2020-09-12,,Normal,,
2020-09-13,,Normal,,
2020-09-14,,Normal,,
2020-09-15,,Normal,,
2020-09-16,,Normal,,
2020-09-17,,Normal,,
2020-09-18,,Normal,,
2020-09-19,,Normal,,
2020-09-20,,Normal,,
2020-09-21,,Normal,,
2020-09-22,,Normal,,
2020-09-23,,Normal,,
2020-09-24,,Normal,,
2020-09-25,,Normal,,
2020-09-26,,Normal,,
2020-09-27,,Normal,,
2020-09-28,,Normal,,
2020-09-29,,Normal,,
2020-09-30,,Normal,,
2020-10-01,,Normal,,
2020-10-02,,Normal,,
2020-10-03,,Normal,,
2020-10-04,,Normal,,
2020-10-05,,Normal,,
2020-10-06,,Normal,,
2020-10-07,,Normal,,
2020-10-08,,Normal,,
2020-10-09,,Normal,,
2020-10-10,,Normal,,
2020-10-11,,Normal,,
2020-10-12,,Normal,,
2020-10-13,,Normal,,
2020-10-14,,Normal,,
2020-10-15,,Normal,,
2020-10-16,,Normal,,
2020-10-17,,Normal,,
2020-10-18,,Normal,,
2020-10-19,,Normal,,
2020-10-20,,Normal,,
2020-10-21,,Normal,,
2020-10-22,,Normal,,
2020-10-23,,Normal,,
2020-10-24,,Normal,,
2020-10-25,,Normal,,
2020-10-26,,Normal,,
2020-10-27,,Normal,,
2020-10-28,,Normal,,
2020-10-29,,Normal,,
2020-10-30,,Normal,,
2020-10-31,,Normal,,
2020-11-01,,Normal,,
2020-11-02,,Normal,,
2020-11-03,,Normal,,
2020-11-04,,Normal,,
2020-11-05,,Normal,,
2020-11-06,,Normal,,
2020-11-07,,Normal,,
2020-11-08,,Normal,,
2020-11-09,,Normal,,
2020-11-10,,Normal,,
2020-11-11,,Normal,,
2020-11-12,,Normal,,
2020-11-13,,Normal,,
2020-11-14,Primer Medium ,Día Clave,Aprovecha la Comunidad: aprende y comparte,https://medium.com/tacosdedatos/analisis-exploratorio-eda-en-tres-patadas-ac6c8d5b96e6
2020-11-15,,Normal,,
2020-11-16,,Normal,,
2020-11-17,,Normal,,
2020-11-18,,Normal,,
2020-11-19,,Normal,,
2020-11-20,,Normal,,
2020-11-21,,Normal,,
2020-11-22,,Normal,,
2020-11-23,,Normal,,
2020-11-24,,Normal,,
2020-11-25,,Normal,,
2020-11-26,,Normal,,
2020-11-27,,Normal,,
2020-11-28,,Normal,,
2020-11-29,,Normal,,
2020-11-30,,Normal,,
2020-12-01,,Normal,,
2020-12-02,,Normal,,
2020-12-03,,Normal,,
2020-12-04,,Normal,,
2020-12-05,,Normal,,
2020-12-06,,Normal,,
2020-12-07,,Normal,,
2020-12-08,,Normal,,
2020-12-09,,Normal,,
2020-12-10,,Normal,,
2020-12-11,,Normal,,
2020-12-12,,Normal,,
2020-12-13,,Normal,,
2020-12-14,,Normal,,
2020-12-15,Liberación Dashboard Control,Día Clave,Toma el ownership de nuevas cosas y cacarea el huevo.,
2020-12-16,,Normal,,
2020-12-17,,Normal,,
2020-12-18,,Normal,,
2020-12-19,,Normal,,
2020-12-20,,Normal,,
2020-12-21,,Normal,,
2020-12-22,,Normal,,
2020-12-23,,Normal,,
2020-12-24,,Normal,,
2020-12-25,,Normal,,
2020-12-26,,Normal,,
2020-12-27,,Normal,,
2020-12-28,,Normal,,
2020-12-29,,Normal,,
2020-12-30,,Normal,,
2020-12-31,,Normal,,
2021-01-01,,Normal,,
2021-01-02,,Normal,,
2021-01-03,PoC Balcones Backoffice,Día Clave,"Juega, juega y juega hasta que crees algo útil",https://balcones-santodomingo.herokuapp.com
2021-01-04,,Normal,,
2021-01-05,,Normal,,
2021-01-06,,Normal,,
2021-01-07,,Normal,,
2021-01-08,,Normal,,
2021-01-09,,Normal,,
2021-01-10,,Normal,,
2021-01-11,,Normal,,
2021-01-12,,Normal,,
2021-01-13,,Normal,,
2021-01-14,,Normal,,
2021-01-15,,Normal,,
2021-01-16,,Normal,,
2021-01-17,,Normal,,
2021-01-18,,Normal,,
2021-01-19,,Normal,,
2021-01-20,,Normal,,
2021-01-21,,Normal,,
2021-01-22,,Normal,,
2021-01-23,,Normal,,
2021-01-24,,Normal,,
2021-01-25,,Normal,,
2021-01-26,,Normal,,
2021-01-27,,Normal,,
2021-01-28,,Normal,,
2021-01-29,,Normal,,
2021-01-30,,Normal,,
2021-01-31,,Normal,,
2021-02-01,,Normal,,
2021-02-02,,Normal,,
2021-02-03,,Normal,,
2021-02-04,,Normal,,
2021-02-05,,Normal,,
2021-02-06,,Normal,,
2021-02-07,,Normal,,
2021-02-08,,Normal,,
2021-02-09,,Normal,,
2021-02-10,,Normal,,
2021-02-11,,Normal,,
2021-02-12,,Normal,,
2021-02-13,,Normal,,
2021-02-14,,Normal,,
2021-02-15,,Normal,,
2021-02-16,,Normal,,
2021-02-17,,Normal,,
2021-02-18,,Normal,,
2021-02-19,,Normal,,
2021-02-20,,Normal,,
2021-02-21,,Normal,,
2021-02-22,,Normal,,
2021-02-23,,Normal,,
2021-02-24,,Normal,,
2021-02-25,,Normal,,
2021-02-26,,Normal,,
2021-02-27,,Normal,,
2021-02-28,,Normal,,
2021-03-01,,Normal,,
2021-03-02,,Normal,,
2021-03-03,,Normal,,
2021-03-04,,Normal,,
2021-03-05,,Normal,,
2021-03-06,,Normal,,
2021-03-07,,Normal,,
2021-03-08,,Normal,,
2021-03-09,,Normal,,
2021-03-10,,Normal,,
2021-03-11,,Normal,,
2021-03-12,,Normal,,
2021-03-13,,Normal,,
2021-03-14,,Normal,,
2021-03-15,,Normal,,
2021-03-16,,Normal,,
2021-03-17,,Normal,,
2021-03-18,,Normal,,
2021-03-19,,Normal,,
2021-03-20,,Normal,,
2021-03-21,,Normal,,
2021-03-22,,Normal,,
2021-03-23,,Normal,,
2021-03-24,,Normal,,
2021-03-25,,Normal,,
2021-03-26,,Normal,,
2021-03-27,,Normal,,
2021-03-28,,Normal,,
2021-03-29,,Normal,,
2021-03-30,,Normal,,
2021-03-31,Charla Python Panamá,Día Clave,Aprovecha la Comunidad: aprende y comparte,
